id,name,feels_like,humidity,pressure,temp,temp_max,temp_min,weather,wind_speed,timezone,country,sunrise,sunset,lat,lon,clouds
946128,eMkhomazi,296.5,75,1016,294.53,295.37,293.71,light rain,0.45,7200,ZA,1585714050,1585756400,-30.21,30.8,58
1015776,Bredasdorp,287.14,68,1024,289.77,291.15,288.15,few clouds,4.1,7200,ZA,1585716742,1585758872,-34.53,20.04,24
2163355,Hobart,289.4,59,1018,290.58,292.59,288.71,few clouds,1.5,39600,AU,1585686410,1585728117,-42.88,147.33,20
5364022,La Palma,292.01,38,1013,294.63,299.26,290.37,clear sky,2.6,-25200,US,1585661999,1585707121,33.85,-118.05,1
777019,Vardø,262.49,92,993,270.9,270.9,270.9,light snow,8.54,7200,NO,1585709747,1585760554,70.37,31.11,100
4026082,Lázaro Cárdenas,302.55,61,1008,301.21,301.21,301.21,clear sky,3.24,-21600,MX,1585658600,1585702913,17.96,-102.2,0
2110227,Butaritari,302.62,78,1007,301.96,301.96,301.96,light rain,7.86,43200,KI,1585679296,1585723013,3.07,172.79,83
3466165,Cidreira,294.81,85,1017,295.85,295.85,295.85,light rain,6.79,-10800,BR,1585647064,1585689499,-30.18,-50.21,87
2075265,Busselton,287.34,65,1008,289.16,290.93,286.48,overcast clouds,2.45,28800,AU,1585693838,1585736046,-33.65,115.33,100
562322,Fryanovo,262.07,53,1010,268.13,269.82,267.15,broken clouds,4.0,10800,RU,1585709747,1585757032,56.13,38.45,70
3386213,Touros,303.87,100,1011,298.15,298.15,298.15,scattered clouds,1.0,-10800,BR,1585643038,1585686448,-5.2,-35.46,40
556268,Ostrovnoy,258.48,94,996,267.23,267.23,267.23,overcast clouds,8.53,10800,RU,1585708175,1585758095,68.05,39.51,100
4021858,Guerrero Negro,291.24,30,1012,296.21,296.21,296.21,overcast clouds,5.36,-25200,MX,1585661206,1585705999,27.98,-114.06,100
1862505,Hirara,292.8,94,1014,294.15,294.15,294.15,broken clouds,7.2,32400,JP,1585690225,1585734885,24.8,125.28,75
1859964,Kaseda-shirakame,287.68,93,1005,288.51,289.15,288.15,light rain,3.1,32400,JP,1585688838,1585733853,31.42,130.32,90
4020109,Atuona,302.64,79,1008,301.1,301.1,301.1,light rain,6.08,-34200,PF,1585667977,1585711211,-9.8,-139.03,5
3372472,Vila Franca do Campo,280.87,62,1019,286.15,286.15,286.15,few clouds,6.2,0,PT,1585725980,1585771455,37.72,-25.43,20
5563839,Fortuna,281.2,66,1022,285.04,286.48,284.15,overcast clouds,4.1,-25200,US,1585663241,1585708811,40.6,-124.16,90
5855927,Hilo,292.73,69,1015,294.0,298.15,282.59,overcast clouds,4.1,-36000,US,1585671247,1585715648,19.73,-155.09,90
5848280,Kapaa,297.06,65,1017,298.24,299.15,297.04,clear sky,5.7,-36000,US,1585672207,1585716718,22.08,-159.32,1
3430863,Mar del Plata,287.07,59,1021,291.07,291.48,290.37,overcast clouds,5.7,-10800,AR,1585649018,1585691073,-38.0,-57.56,90
686090,Asău,265.84,58,1023,270.36,271.15,269.26,few clouds,2.1,10800,RO,1585713202,1585759360,46.43,26.4,19
964432,Port Alfred,289.75,98,1020,289.82,289.82,289.82,light rain,3.13,7200,ZA,1585715073,1585757254,-33.59,26.89,89
4032243,Vaini,305.34,79,1012,302.15,302.15,302.15,few clouds,4.6,46800,TO,1585763298,1585806011,-21.2,-175.2,20
6111862,Port Hardy,276.58,65,1014,281.15,281.15,281.15,overcast clouds,4.1,-25200,CA,1585663575,1585710041,50.7,-127.42,90
1043893,Lichinga,285.87,69,1014,286.61,286.61,286.61,clear sky,0.36,7200,MZ,1585712621,1585755699,-13.31,35.24,0
3874787,Punta Arenas,278.65,76,1013,283.15,283.15,283.15,broken clouds,5.1,-10800,CL,1585652734,1585693768,-53.15,-70.92,75
546105,Nikolskoye,266.59,86,1001,271.82,272.15,271.48,light shower snow,4.0,10800,RU,1585711291,1585759164,59.7,30.79,75
3893726,Constitución,282.07,78,1016,286.99,286.99,286.99,few clouds,7.12,-10800,CL,1585652518,1585694704,-35.33,-72.42,16
1259184,Puri,301.63,88,1009,298.15,298.15,298.15,mist,2.42,19800,IN,1585699803,1585744229,19.8,85.85,0
3833367,Ushuaia,279.2,76,1010,282.15,282.15,282.15,scattered clouds,2.6,-10800,AR,1585652179,1585693065,-54.8,-68.3,40
1714733,Dingle,302.29,74,1013,300.69,300.69,300.69,overcast clouds,4.79,28800,PH,1585691163,1585735199,11.0,122.67,85
3994535,Ocampo,285.86,32,1010,291.3,291.3,291.3,light rain,5.19,-21600,MX,1585658349,1585702828,21.65,-101.5,75
778362,Øksfjord,257.01,79,995,267.85,269.15,267.04,light snow,11.3,7200,NO,1585711870,1585762636,70.24,22.35,99
2155415,New Norfolk,289.06,59,1018,290.31,292.59,288.71,few clouds,1.5,39600,AU,1585686472,1585728185,-42.78,147.06,20
4030556,Rikitea,300.86,72,1013,299.37,299.37,299.37,light rain,3.68,-32400,PF,1585667262,1585709977,-23.12,-134.97,100
2418092,Lola,298.59,67,1011,296.85,296.85,296.85,scattered clouds,1.03,0,GN,1585722705,1585766620,7.8,-8.53,31
3471451,Arraial do Cabo,299.41,82,1015,298.16,298.16,298.16,light rain,4.72,-10800,BR,1585644948,1585687690,-22.97,-42.03,31
1259916,Pennāgaram,294.09,48,1012,294.57,294.57,294.57,clear sky,0.73,19800,IN,1585701879,1585745968,12.13,77.9,1
2147714,Sydney,293.06,73,1020,295.08,297.15,293.15,broken clouds,6.2,39600,AU,1585685228,1585727438,-33.87,151.21,75
2094027,Kieta,304.46,69,1008,301.17,301.17,301.17,light rain,1.85,39600,PG,1585683591,1585726954,-6.22,155.63,100
3372707,Ribeira Grande,277.25,69,1017,287.23,287.23,287.23,overcast clouds,13.76,0,PT,1585726736,1585772269,38.52,-28.7,97
1106643,Quatre Cocos,303.53,93,1009,298.15,298.15,298.15,light rain,0.45,14400,MU,1585707355,1585750157,-20.21,57.76,0
3374120,Vila do Maio,293.6,33,1015,298.15,298.15,298.15,broken clouds,5.7,-3600,CV,1585639715,1585683896,15.13,-23.22,84
3416888,Grindavik,266.81,86,1017,274.62,275.15,274.15,broken clouds,8.2,0,IS,1585723602,1585772393,63.84,-22.43,75
4036284,Alofi,307.3,79,1011,303.15,303.15,303.15,overcast clouds,4.1,-39600,NU,1585675570,1585718442,-19.06,-169.92,100
1280849,Kashgar,278.55,29,1016,282.15,282.15,282.15,dust,1.0,28800,CN,1585701606,1585747163,39.45,75.98,40
3870282,Talcahuano,283.99,59,1018,289.15,289.15,289.15,clear sky,6.7,-10800,CL,1585652721,1585694837,-36.72,-73.12,0
3397068,Jundiá,303.25,94,1012,298.15,298.15,298.15,scattered clouds,1.0,-10800,BR,1585643132,1585686406,-8.93,-35.57,40
2171099,Codrington,288.74,62,1017,290.75,290.75,290.75,scattered clouds,3.02,39600,AU,1585687562,1585729538,-38.27,141.97,35
6078372,Moose Factory,272.27,47,1026,276.15,276.15,276.15,clear sky,1.5,-14400,CA,1585652328,1585698824,51.26,-80.61,1
2206939,Bluff,291.16,62,1021,291.48,291.48,291.48,few clouds,0.89,46800,NZ,1585681489,1585722961,-46.6,168.33,17
2156643,Mount Gambier,289.01,82,1017,289.15,289.15,289.15,broken clouds,1.5,37800,AU,1585687838,1585729838,-37.83,140.77,73
3381041,Mana,300.56,86,1010,298.18,298.18,298.18,overcast clouds,3.71,-10800,GF,1585647233,1585691044,5.66,-53.78,98
3372964,Lagoa,277.4,69,1019,287.27,287.27,287.27,overcast clouds,13.61,0,PT,1585726544,1585772115,39.05,-27.98,98
5861897,Fairbanks,264.55,35,1025,270.15,270.93,269.15,clear sky,3.1,-28800,US,1585667290,1585716068,64.84,-147.72,1
5880054,Barrow,254.49,78,1015,262.15,262.15,262.15,clear sky,6.2,-28800,US,1585668385,1585719326,71.29,-156.79,1
2112802,Hasaki,285.02,100,1013,286.23,287.15,284.82,light rain,3.1,32400,JP,1585686186,1585731461,35.73,140.83,90
5106841,Albany,275.08,100,1015,277.02,279.26,274.26,clear sky,0.85,-14400,US,1585651134,1585696832,42.6,-73.97,1
53654,Mogadishu,303.35,80,1009,301.54,301.54,301.54,broken clouds,6.24,10800,SO,1585709896,1585753576,2.04,45.34,64
3466704,Castro,291.97,63,1015,292.14,292.14,292.14,few clouds,1.04,-10800,BR,1585646901,1585689567,-24.79,-50.01,18
3462487,General Salgado,296.96,69,1013,295.94,295.94,295.94,few clouds,1.82,-10800,BR,1585646902,1585689734,-20.65,-50.36,12
1259385,Port Blair,302.65,75,1010,300.27,300.27,300.27,scattered clouds,3.54,19800,IN,1585698327,1585742394,11.67,92.75,38
1788852,Xining,267.99,38,1019,271.73,271.73,271.73,overcast clouds,0.62,28800,CN,1585695522,1585740870,36.62,101.77,95
2028164,Deputatsky,250.78,83,998,254.74,254.74,254.74,clear sky,0.5,36000,RU,1585683935,1585734159,69.3,139.9,2
5282297,Bethel,274.75,56,1014,278.88,281.15,276.48,overcast clouds,2.6,-14400,US,1585651046,1585696651,41.37,-73.41,90
1528998,Yumen,264.73,47,1024,273.1,273.1,273.1,scattered clouds,7.59,28800,CN,1585696488,1585742097,40.28,97.2,35
2693759,Ludvika,269.34,60,1006,275.48,277.15,272.59,overcast clouds,5.1,7200,SE,1585714986,1585762956,60.15,15.19,100
2068110,Kununurra,308.93,52,1010,305.15,305.15,305.15,clear sky,0.5,28800,AU,1585690230,1585733223,-15.77,128.73,7
6255012,Flinders,298.07,100,1020,294.67,295.37,293.71,broken clouds,1.5,39600,AU,1585685330,1585727504,-34.58,150.86,75
4255151,Bud,274.76,93,1014,278.24,279.26,277.04,overcast clouds,3.1,-14400,US,1585654177,1585699649,39.45,-86.18,90
1819729,Hong Kong,290.6,82,1016,291.7,292.59,290.93,scattered clouds,4.1,28800,HK,1585692953,1585737493,22.29,114.16,40
3645532,Ciudad Bolivar,303.57,42,1008,304.04,304.04,304.04,overcast clouds,3.77,-14400,VE,1585649530,1585693436,8.12,-63.55,92
2374583,Bubaque,300.24,69,1010,299.64,299.64,299.64,scattered clouds,4.65,0,GW,1585724383,1585768445,11.28,-15.83,36
3366880,Hermanus,286.12,83,1020,288.9,289.82,288.15,scattered clouds,5.24,7200,ZA,1585716934,1585759069,-34.42,19.23,41
240210,Birao,295.5,14,1006,299.42,299.42,299.42,few clouds,2.14,3600,CF,1585715139,1585759155,10.28,22.79,12
6165406,Thompson,254.8,72,1019,264.15,264.15,264.15,broken clouds,8.7,-18000,CA,1585656187,1585703244,55.74,-97.86,75
1651810,Airai,293.32,59,1010,293.43,293.43,293.43,broken clouds,1.05,32400,TL,1585690894,1585734153,-8.93,125.41,81
5563397,Eureka,280.09,66,1022,285.05,285.93,284.15,light rain,5.7,-25200,US,1585663233,1585708819,40.8,-124.16,90
2525478,Cabras,282.71,80,1016,285.45,285.45,285.45,light rain,3.58,7200,IT,1585717758,1585763379,39.93,8.53,100
5380420,Pacifica,285.24,67,1020,290.59,293.15,287.04,scattered clouds,8.2,-25200,US,1585662945,1585708306,37.61,-122.49,40
2077895,Alice Springs,298.75,65,1015,298.15,298.15,298.15,broken clouds,3.1,34200,AU,1585689156,1585731826,-23.7,133.88,75
3612949,Cusuna,299.92,76,1010,299.65,299.65,299.65,clear sky,6.26,-21600,HN,1585654575,1585698795,15.85,-85.23,9
2629833,Husavik,261.27,55,1010,276.15,276.15,276.15,overcast clouds,17.5,0,IS,1585722093,1585771459,66.04,-17.34,90
5515743,Guymon,284.87,45,1012,291.19,293.15,289.15,clear sky,7.7,-18000,US,1585657938,1585703230,36.68,-101.48,1
2065176,Murray Bridge,292.58,79,1014,291.43,294.26,289.82,light rain,0.45,37800,AU,1585688127,1585730269,-35.12,139.27,100
3421982,Maniitsoq,255.23,89,1045,259.37,259.37,259.37,light snow,1.09,-7200,GL,1585644519,1585693335,65.42,-52.9,100
2112444,Kamaishi,283.12,93,1014,284.15,284.15,284.15,light rain,1.5,32400,JP,1585685814,1585731329,39.27,141.88,75
3652764,Puerto Ayora,302.29,78,1009,300.29,300.37,300.15,few clouds,4.6,-21600,EC,1585656127,1585699699,-0.74,-90.35,20
6185377,Yellowknife,254.43,32,1041,261.04,261.15,260.93,scattered clouds,4.1,-21600,CA,1585659571,1585707773,62.46,-114.35,40
2276492,Harper,305.16,84,1011,300.9,300.9,300.9,light rain,2.9,0,LR,1585722580,1585766356,4.38,-7.72,64
1629965,Tanete,302.46,87,1012,298.64,298.64,298.64,light rain,2.17,28800,ID,1585692150,1585735599,-3.94,119.78,100
2130741,Abashiri,278.79,58,1013,285.15,285.15,285.15,broken clouds,7.2,32400,JP,1585685057,1585730939,44.02,144.27,75
2075024,Cannington,289.85,68,1014,292.15,293.71,290.37,overcast clouds,4.6,28800,AU,1585693649,1585735938,-32.02,115.95,85
1282256,Hithadhoo,303.65,67,1010,301.78,301.78,301.78,broken clouds,3.96,18000,MV,1585703292,1585746868,-0.6,73.08,64
2180815,Tuatapere,291.16,62,1021,291.48,291.48,291.48,few clouds,0.89,46800,NZ,1585681629,1585723133,-46.13,167.68,23
3860443,Comodoro Rivadavia,284.6,71,1015,286.15,286.15,286.15,few clouds,1.5,-10800,AR,1585651636,1585693225,-45.87,-67.5,17
2742765,Areosa,276.85,87,1009,280.44,283.71,278.15,few clouds,3.6,3600,PT,1585721858,1585767625,41.72,-8.86,20
1785974,Yuci,272.81,75,1026,278.15,278.15,278.15,light rain,5.0,28800,CN,1585692858,1585738274,37.68,112.73,75
3489440,Morant Bay,298.94,69,1012,298.96,300.15,297.59,scattered clouds,5.1,-18000,JM,1585652416,1585696721,17.88,-76.41,40
3443061,Chui,290.55,75,1020,293.17,293.17,293.17,broken clouds,6.29,-10800,UY,1585647926,1585690198,-33.7,-53.46,71
2122605,Okhotsk,262.85,95,1002,267.76,267.76,267.76,broken clouds,3.13,36000,RU,1585684373,1585732089,59.38,143.3,82
3369157,Cape Town,285.38,72,1022,289.35,289.82,288.71,few clouds,6.2,7200,ZA,1585717115,1585759276,-33.93,18.42,20
6201424,Mataura,291.16,62,1021,291.48,291.48,291.48,few clouds,0.89,46800,NZ,1585681347,1585722848,-46.19,168.86,12
3421193,Paamiut,256.15,92,1041,265.23,265.23,265.23,clear sky,8.72,-7200,GL,1585644131,1585692173,61.99,-49.67,0
2980915,Arrondissement de Saint-Denis,271.91,59,1024,276.56,278.71,274.26,clear sky,3.1,7200,FR,1585718847,1585765266,48.92,2.33,0
1799384,Ninghai,282.05,81,1022,285.12,286.48,283.71,broken clouds,4.0,28800,CN,1585691032,1585735930,29.29,121.42,75
1490256,Talnakh,251.95,92,1003,262.15,262.15,262.15,shower snow,10.0,25200,RU,1585696219,1585746589,69.49,88.4,75
2179825,Waitati,287.88,76,1017,288.71,288.71,288.71,few clouds,1.79,46800,NZ,1585680922,1585722453,-45.75,170.57,11
6170031,Tuktoyaktuk,253.99,61,1030,262.15,262.15,262.15,few clouds,6.7,-21600,CA,1585663079,1585713235,69.45,-133.04,20
6104820,Pinawa,274.53,76,1017,278.96,278.96,278.96,clear sky,3.91,-18000,CA,1585656047,1585702434,50.15,-95.88,7
1695180,Simbahan,301.29,80,1011,301.05,301.05,301.05,broken clouds,8.07,28800,PH,1585691759,1585735606,6.3,120.58,73
5962442,Goderich,273.9,86,1015,278.72,279.26,278.15,light rain,4.85,-14400,CA,1585652946,1585698739,43.75,-81.72,95
2017155,Saskylakh,242.58,88,1000,250.28,250.28,250.28,overcast clouds,5.69,32400,RU,1585689551,1585740933,71.92,114.08,87
2152659,Port Macquarie,300.23,73,1019,298.35,299.26,297.15,few clouds,2.6,39600,AU,1585684758,1585727087,-31.43,152.92,12
3674292,Mosquera,286.75,63,1024,289.15,289.15,289.15,scattered clouds,3.1,-18000,CO,1585652157,1585695933,4.71,-74.23,40
3457566,Mascote,299.05,89,1013,295.58,295.58,295.58,clear sky,0.68,-10800,BR,1585644150,1585687178,-15.56,-39.3,4
3126369,Carballo,278.99,81,1009,281.17,283.71,279.15,overcast clouds,1.5,7200,ES,1585721756,1585767646,43.21,-8.69,90
1006984,East London,289.4,79,1019,293.32,293.32,293.32,light rain,8.66,7200,ZA,1585714813,1585757024,-33.02,27.91,100
2192362,Christchurch,290.73,72,1019,290.95,292.04,289.26,clear sky,1.5,46800,NZ,1585680354,1585722032,-43.53,172.63,0
1611195,Chiang Klang,294.38,77,1010,293.15,293.15,293.15,mist,1.0,25200,TH,1585696214,1585740614,19.29,100.86,0
2093685,Kokopo,303.9,75,1010,300.62,300.62,300.62,overcast clouds,2.52,36000,PG,1585684364,1585727798,-4.35,152.26,99
1507390,Dikson,248.58,93,1001,253.53,253.53,253.53,overcast clouds,1.92,25200,RU,1585697136,1585749439,73.51,80.55,100
779622,Havøysund,260.33,85,995,269.15,269.15,269.15,light snow,8.7,7200,NO,1585711152,1585762245,71.0,24.66,75
2022572,Khatanga,243.57,90,1003,249.84,249.84,249.84,scattered clouds,3.64,25200,RU,1585692308,1585743734,71.97,102.5,35
3424607,Tasiilaq,252.9,41,1025,267.15,267.15,267.15,light snow,15.4,-7200,GL,1585640842,1585689689,65.61,-37.64,2
5866583,Saint Paul Harbor,270.38,44,1024,276.15,276.15,276.15,few clouds,4.1,-28800,US,1585669105,1585716504,57.79,-152.41,20
4500920,Brigantine,276.15,75,1015,278.92,279.82,278.15,overcast clouds,1.5,-14400,US,1585651345,1585696809,39.41,-74.36,90
1267390,Kavaratti,302.79,75,1010,301.43,301.43,301.43,clear sky,5.88,19800,IN,1585703174,1585747197,10.57,72.64,0
2112309,Katsuura,282.28,93,1014,285.19,285.93,284.82,moderate rain,4.6,32400,JP,1585686332,1585731569,35.13,140.3,75
2015306,Tiksi,249.56,88,996,254.42,254.42,254.42,overcast clouds,1.8,32400,RU,1585686070,1585737317,71.69,128.87,100
1513491,Yangi Marg`ilon,282.33,76,1010,286.15,286.15,286.15,light intensity shower rain,5.1,18000,UZ,1585702591,1585748222,40.43,71.72,90
1106677,Bambous Virieux,303.53,93,1009,298.15,298.15,298.15,light rain,0.45,14400,MU,1585707358,1585750154,-20.34,57.76,0
4034551,Faanui,303.5,75,1010,301.49,301.49,301.49,clear sky,5.0,-36000,PF,1585671158,1585714135,-16.48,-151.75,10
3883457,Lebu,280.92,77,1020,286.61,286.61,286.61,clear sky,8.01,-10800,CL,1585652872,1585694941,-37.62,-73.65,0
2126785,Belaya Gora,255.81,93,999,260.34,260.34,260.34,overcast clouds,1.76,39600,RU,1585682512,1585732452,68.53,146.42,98
2158767,Mareeba,301.34,65,1012,300.69,301.15,300.37,broken clouds,4.6,36000,AU,1585686246,1585729193,-17.0,145.43,75
935051,Lavumisa,295.2,72,1014,294.42,294.42,294.42,overcast clouds,1.73,7200,SZ,1585713721,1585756207,-27.31,31.89,89
359792,Aswān,290.56,25,1011,297.07,297.07,297.07,few clouds,7.07,7200,EG,1585712396,1585757042,24.09,32.91,14
2264557,Ponta do Sol,282.25,62,1016,286.37,288.15,284.26,few clouds,4.6,3600,PT,1585724150,1585769288,32.67,-17.1,20
2435708,Beïnamar,301.75,24,1007,303.27,303.27,303.27,scattered clouds,1.27,3600,TD,1585716950,1585760900,8.67,15.38,39
3665016,Benjamin Constant,301.8,94,1008,297.36,297.36,297.36,light rain,1.29,-18000,BR,1585651318,1585694757,-4.38,-70.03,92
2122104,Petropavlovsk-Kamchatskiy,273.47,64,1010,277.15,277.15,277.15,few clouds,2.0,43200,RU,1585681155,1585727940,53.05,158.65,20
3491161,Bull Savanna,297.97,75,1012,296.53,296.53,296.53,light rain,2.36,-18000,JM,1585652699,1585697005,17.89,-77.59,18
1235846,Matara,298.95,90,1010,296.61,296.61,296.61,few clouds,3.17,19800,LK,1585701373,1585745207,5.95,80.54,18
286621,Salalah,302.31,78,1012,299.15,299.15,299.15,few clouds,2.1,14400,OM,1585707484,1585751789,17.02,54.09,20
2126199,Cherskiy,251.72,91,1004,258.28,258.28,258.28,broken clouds,4.48,39600,RU,1585678914,1585728910,68.75,161.3,56
336454,Ginir,286.98,50,1012,289.22,289.22,289.22,few clouds,1.78,10800,ET,1585710907,1585754792,7.13,40.7,14
2070998,Geraldton,291.05,72,1014,292.31,292.59,292.15,broken clouds,3.6,28800,AU,1585693896,1585736338,-28.77,114.6,59
3466980,Caravelas,301.91,87,1014,298.9,298.9,298.9,light rain,3.53,-10800,BR,1585644178,1585687126,-17.71,-39.25,47
544084,Koslan,257.86,93,1007,261.62,261.62,261.62,clear sky,0.77,10800,RU,1585706569,1585755195,63.46,48.9,5
3694112,Paita,297.65,72,1010,297.67,297.67,297.67,scattered clouds,4.73,-18000,PE,1585653990,1585697402,-5.09,-81.11,44
2641434,Northam,273.57,82,1028,276.88,278.71,274.82,clear sky,2.1,3600,GB,1585720301,1585766955,51.03,-4.22,3
935215,Saint-Philippe,295.36,83,1009,294.56,297.15,292.04,clear sky,3.1,14400,RE,1585707857,1585750610,-21.36,55.77,2
2122090,Pevek,252.58,91,1005,257.01,257.01,257.01,scattered clouds,1.36,43200,RU,1585676584,1585726916,69.7,170.31,33
3870243,Taltal,291.88,69,1012,292.36,292.36,292.36,few clouds,2.2,-10800,CL,1585651828,1585694463,-25.4,-70.48,17
2686469,Örnsköldsvik,266.76,64,995,275.02,276.15,274.15,clear sky,8.2,7200,SE,1585713815,1585762433,63.29,18.72,0
3831208,Qaanaaq,253.71,80,1033,258.5,258.5,258.5,overcast clouds,1.87,-10800,GL,1585645404,1585700349,77.48,-69.36,95
4866445,Mason City,277.32,46,1016,282.42,284.15,278.71,clear sky,4.1,-18000,US,1585655722,1585701472,43.15,-93.2,1
2737599,Mogadouro,275.27,75,1008,279.01,279.01,279.01,light rain,2.9,3600,PT,1585721357,1585767094,41.34,-6.71,93
3440777,Rocha,289.56,90,1020,290.48,290.48,290.48,light rain,3.98,-10800,UY,1585648153,1585690387,-34.48,-54.33,60
2013279,Vostok,269.45,68,1014,273.54,273.54,273.54,overcast clouds,2.14,36000,RU,1585686959,1585733063,46.49,135.88,86
2377457,Nouadhibou,292.21,77,1015,293.15,293.15,293.15,overcast clouds,4.1,0,MR,1585724452,1585768952,20.93,-17.03,100
1863997,Fukuechō,278.08,93,1010,284.15,284.15,284.15,light intensity shower rain,8.7,32400,JP,1585689155,1585734246,32.69,128.84,75
286987,Nizwá,295.19,57,1013,294.8,294.8,294.8,clear sky,0.66,14400,OM,1585706520,1585751103,22.93,57.53,2
2523654,Raffadali,281.55,91,976,282.39,284.26,280.93,overcast clouds,0.49,7200,IT,1585716651,1585762087,37.4,13.53,99
3156980,Florø,272.42,93,1012,278.98,279.15,278.71,light rain,7.7,7200,NO,1585717277,1585765540,61.6,5.03,100
1640972,Katobu,300.97,89,1011,298.64,298.64,298.64,moderate rain,4.6,28800,ID,1585691509,1585734920,-4.94,122.53,99
3996737,Rodolfo Sánchez Taboada,290.57,86,1013,289.82,289.82,289.82,overcast clouds,0.89,-25200,MX,1585661706,1585706703,31.72,-116.57,100
2121385,Severo-Kuril'sk,268.58,86,1015,275.27,275.27,275.27,overcast clouds,6.72,39600,RU,1585681899,1585728411,50.68,156.12,100
4034496,Fare,304.13,73,1010,302.03,302.03,302.03,clear sky,4.93,-36000,PF,1585670987,1585713955,-16.7,-151.02,8
2729907,Longyearbyen,248.44,83,1011,253.15,253.15,253.15,few clouds,1.5,7200,SJ,1585710602,1585767124,78.22,15.64,20
3893629,Coquimbo,287.9,93,1013,288.15,288.15,288.15,broken clouds,2.1,-10800,CL,1585652132,1585694571,-29.95,-71.34,60
2016307,Solnechnyy,269.79,64,1009,274.71,274.71,274.71,few clouds,3.38,36000,RU,1585686567,1585733096,50.72,136.63,12
5367788,Lompoc,288.52,49,1015,294.51,299.26,289.15,broken clouds,8.7,-25200,US,1585662553,1585707723,34.64,-120.46,78
3386467,Terra Santa,301.92,95,1009,297.24,297.24,297.24,overcast clouds,0.99,-10800,BR,1585648027,1585691550,-2.1,-56.49,100
2630299,Hofn,270.19,71,1008,276.92,276.92,276.92,scattered clouds,6.58,0,IS,1585721823,1585770707,64.25,-15.21,47
2136825,Isangel,305.09,79,1010,303.15,303.15,303.15,broken clouds,7.27,39600,VU,1585680575,1585723424,-19.55,169.27,75
2295684,Salaga,305.37,47,1008,305.07,305.07,305.07,scattered clouds,4.31,0,GH,1585720767,1585764713,8.55,-0.52,27
2270380,Câmara de Lobos,282.02,62,1016,286.18,288.15,284.26,few clouds,4.6,3600,PT,1585724120,1585769255,32.63,-16.97,20
5546220,Saint George,287.63,21,1014,293.23,295.15,288.71,clear sky,4.6,-21600,US,1585660825,1585706149,37.1,-113.58,1
3421719,Narsaq,269.33,82,1032,273.15,273.15,273.15,few clouds,2.1,-7200,GL,1585643366,1585691201,60.92,-46.05,20
3465303,Costa Rica,298.2,65,1012,297.21,297.21,297.21,broken clouds,2.02,-14400,BR,1585647987,1585690707,-23.42,-54.65,55
3939761,Hualmay,297.56,76,1014,296.05,296.05,296.05,overcast clouds,2.11,-18000,PE,1585653261,1585696452,-11.1,-77.61,89
1283285,Jumla,276.79,26,1019,280.35,280.35,280.35,overcast clouds,0.62,20700,NP,1585700442,1585745351,29.27,82.18,98
3354247,Ondangwa,295.73,52,1013,296.14,296.14,296.14,clear sky,1.73,7200,NA,1585717344,1585760233,-17.92,15.95,9
2121126,Smirnykh,272.97,82,1007,275.53,275.53,275.53,overcast clouds,0.74,39600,RU,1585685133,1585731554,49.75,142.83,100
1282898,Pokhara,285.15,26,1016,289.05,289.05,289.05,light rain,2.07,20700,NP,1585700039,1585744890,28.23,83.98,74
3838859,Río Gallegos,279.8,61,1014,283.15,283.15,283.15,scattered clouds,2.6,-10800,AR,1585652261,1585693426,-51.62,-69.22,45
1264363,Mahmudābād,293.02,77,1009,292.15,292.15,292.15,haze,1.0,19800,IN,1585700750,1585745551,27.3,81.12,28
1502073,Krasnosel'kup,253.87,94,1013,259.76,259.76,259.76,broken clouds,3.66,18000,RU,1585698251,1585747403,65.7,82.47,56
1505579,Inta,254.75,91,1009,260.13,260.13,260.13,few clouds,2.93,10800,RU,1585703543,1585752813,66.03,60.17,16
3533462,Acapulco de Juárez,305.69,79,1009,302.15,302.15,302.15,scattered clouds,4.1,-21600,MX,1585658070,1585702335,16.86,-99.89,40
933995,Souillac,303.12,92,1009,298.15,298.15,298.15,light rain,0.89,14400,MU,1585707420,1585750208,-20.52,57.52,0
884927,Mutoko,287.41,69,1016,287.86,287.86,287.86,clear sky,0.36,7200,ZW,1585713426,1585756338,-17.4,32.23,7
293842,Kiryat Gat,283.52,72,1010,287.27,289.15,284.26,few clouds,5.1,10800,IL,1585711746,1585756804,31.61,34.76,20
286245,Sur,298.36,71,1012,297.47,297.47,297.47,few clouds,3.17,14400,OM,1585706049,1585750614,22.57,59.53,12
5887798,Assiniboia,268.52,54,1014,275.93,275.93,275.93,overcast clouds,6.77,-21600,CA,1585658494,1585704834,49.63,-105.98,95
3521108,Progreso,302.23,62,1011,301.8,302.15,301.48,clear sky,5.1,-21600,MX,1585655521,1585699980,21.28,-89.67,5
1650527,Balikpapan,302.75,100,1011,298.15,298.15,298.15,few clouds,2.6,28800,ID,1585692807,1585736358,-1.27,116.83,20
2176639,Batemans Bay,297.53,89,1018,294.43,295.93,292.04,light rain,0.45,39600,AU,1585685522,1585727638,-35.72,150.18,82
3988392,Rosarito,291.26,60,1014,293.16,295.15,290.37,overcast clouds,3.6,-25200,MX,1585661799,1585706831,32.33,-117.03,90
535839,Leshukonskoye,258.61,95,1004,263.44,263.44,263.44,broken clouds,2.5,10800,RU,1585707145,1585756126,64.9,45.76,54
5847411,Kahului,291.56,69,1016,295.26,298.15,293.71,scattered clouds,8.2,-36000,US,1585671551,1585716006,20.89,-156.47,40
4845585,Westport,275.21,65,1015,278.73,280.37,277.04,overcast clouds,2.1,-14400,US,1585651043,1585696630,41.14,-73.36,90
3374333,Praia,293.6,33,1015,298.15,298.15,298.15,broken clouds,5.7,-3600,CV,1585639789,1585683961,14.92,-23.51,81
2422465,Conakry,304.52,74,1010,300.53,300.53,300.53,few clouds,1.26,0,GN,1585723904,1585767892,9.54,-13.68,19
3391889,Pitimbu,304.18,88,1012,299.15,299.15,299.15,few clouds,1.0,-10800,BR,1585642923,1585686250,-7.47,-34.81,20
233093,Kaabong,290.66,54,1009,293.28,293.28,293.28,light rain,4.01,10800,UG,1585712552,1585756290,3.48,34.15,65
1636806,Majene,303.76,77,1012,299.98,299.98,299.98,light rain,1.66,28800,ID,1585692337,1585735801,-3.54,118.97,100
1630789,Pontianak,303.35,80,1011,299.07,299.07,299.07,overcast clouds,0.75,25200,ID,1585694583,1585738181,-0.03,109.33,100
2071860,Esperance,290.09,100,1017,289.15,289.15,289.15,scattered clouds,1.5,28800,AU,1585692266,1585734466,-33.87,121.9,28
1517637,Ushtobe,275.64,51,1010,278.65,278.65,278.65,clear sky,0.75,21600,KZ,1585700893,1585746916,45.25,77.98,5
2194098,Ahipara,293.52,62,1018,293.4,293.4,293.4,overcast clouds,1.04,46800,NZ,1585679988,1585722140,-35.17,173.17,98
2123814,Leningradskiy,256.85,92,1006,262.07,262.07,262.07,few clouds,2.88,43200,RU,1585674704,1585724903,69.38,178.42,11
2469252,Menzel Salem,281.91,57,1016,284.15,284.15,284.15,scattered clouds,1.0,3600,TN,1585717914,1585763248,35.86,8.48,40
3452640,Porto Seguro,301.75,83,1014,298.15,298.15,298.15,broken clouds,1.5,-10800,BR,1585644109,1585687104,-16.45,-39.06,75
2074865,Carnarvon,295.33,73,1012,296.15,296.15,296.15,overcast clouds,5.1,28800,AU,1585694042,1585736658,-24.87,113.63,98
1805833,Jiexiu,275.46,61,1024,280.35,280.35,280.35,light rain,4.19,28800,CN,1585693077,1585738449,37.02,111.91,100
2444995,Filingué,298.73,13,1007,304.2,304.2,304.2,overcast clouds,4.85,3600,NE,1585719722,1585763916,14.35,3.32,94
3470137,Belmonte,301.75,83,1014,298.15,298.15,298.15,broken clouds,1.5,-10800,BR,1585644054,1585687072,-15.86,-38.88,75
2063036,Port Lincoln,288.07,73,1015,289.76,289.76,289.76,light rain,3.19,37800,AU,1585688933,1585731094,-34.73,135.87,95
540761,Kropotkin,276.47,77,1014,279.48,279.48,279.48,few clouds,2.06,10800,RU,1585709849,1585755908,45.44,40.58,19
3832899,Viedma,285.29,64,1019,289.93,289.93,289.93,light rain,6.66,-10800,AR,1585650401,1585692301,-40.81,-63.0,97
1056899,Sambava,302.27,89,1011,298.13,298.13,298.13,broken clouds,1.6,10800,MG,1585709056,1585752098,-14.27,50.17,82
6355222,Yulara,297.75,69,1011,297.15,297.15,297.15,overcast clouds,3.1,34200,AU,1585689883,1585732486,-25.24,130.99,89
4035715,Avarua,308.95,79,1012,304.15,304.15,304.15,broken clouds,4.1,-36000,CK,1585673179,1585715967,-21.21,-159.78,75
1680623,Tupang,303.95,62,1014,301.25,301.25,301.25,broken clouds,1.5,28800,PH,1585691261,1585735595,17.92,121.64,80
1168700,Ormara,295.78,81,1012,295.57,295.57,295.57,clear sky,4.31,18000,PK,1585704757,1585749453,25.21,64.64,0
1636022,Martapura,303.61,84,1010,299.08,299.08,299.08,overcast clouds,1.03,28800,ID,1585693323,1585736792,-3.42,114.85,93
2399001,Mayumba,303.73,85,1010,299.98,299.98,299.98,few clouds,3.03,3600,GA,1585718325,1585761790,-3.43,10.66,15
5991056,Kenora,277.11,13,1017,283.44,284.15,281.15,few clouds,4.1,-18000,CA,1585655716,1585702068,49.82,-94.43,20
1688696,San Policarpo,303.91,75,1013,300.89,300.89,300.89,scattered clouds,3.1,28800,PH,1585690457,1585734542,12.18,125.51,36
3405940,Bayeux,304.18,88,1012,299.15,299.15,299.15,few clouds,1.0,-10800,BR,1585642945,1585686285,-7.12,-34.93,20
2427455,Moundou,301.7,26,1006,303.03,303.03,303.03,scattered clouds,1.34,3600,TD,1585716784,1585760730,8.57,16.08,29
5122534,Jamestown,275.25,93,1012,278.36,280.15,276.48,overcast clouds,2.6,-14400,US,1585652416,1585698079,42.1,-79.24,90
2155562,Nelson Bay,298.98,73,1019,298.69,300.37,297.59,light intensity shower rain,5.1,39600,AU,1585684974,1585727241,-32.72,152.15,40
2126123,Chokurdakh,249.27,91,1000,254.16,254.16,254.16,overcast clouds,1.85,39600,RU,1585681752,1585732492,70.63,147.92,94
3592217,Nentón,296.45,48,1011,296.68,296.68,296.68,light rain,1.16,-21600,GT,1585656140,1585700359,15.8,-91.75,64
3418910,Upernavik,244.27,89,1038,253.13,253.13,253.13,broken clouds,7.47,-7200,GL,1585643958,1585695456,72.79,-56.15,69
3356213,Khorixas,291.87,35,1014,293.84,293.84,293.84,clear sky,1.12,7200,NA,1585717630,1585760417,-20.37,14.97,0
6113406,Prince Rupert,275.07,45,1020,279.15,279.15,279.15,clear sky,2.1,-25200,CA,1585664058,1585710951,54.32,-130.32,1
5364271,Laguna,290.72,52,1017,293.5,295.37,290.15,broken clouds,4.1,-25200,US,1585662661,1585708076,38.42,-121.42,75
2208248,Kaitangata,284.87,83,1019,287.04,287.04,287.04,few clouds,3.58,46800,NZ,1585681113,1585722608,-46.28,169.85,14
5380437,Pacific Grove,289.44,67,1020,291.35,293.71,288.15,few clouds,3.6,-25200,US,1585662841,1585708136,36.62,-121.92,20
1634614,Nabire,306.46,76,1012,301.49,301.49,301.49,light rain,0.95,32400,ID,1585688372,1585731843,-3.37,135.48,98
3639898,Guatire,295.63,69,1014,294.82,294.82,294.82,broken clouds,1.54,-14400,VE,1585650201,1585694199,10.48,-66.54,84
2144528,Warrnambool,291.48,69,1014,292.59,292.59,292.59,scattered clouds,3.2,39600,AU,1585687443,1585729412,-38.38,142.48,35
1500933,Labytnangi,253.91,90,1010,258.72,258.72,258.72,clear sky,2.0,18000,RU,1585701956,1585751401,66.66,66.42,2
53157,Qandala,305.03,73,1011,301.07,301.07,301.07,clear sky,1.53,10800,SO,1585708617,1585752681,11.47,49.87,2
2413419,Gunjur,298.09,44,1009,300.15,300.15,300.15,clear sky,4.6,0,GM,1585724557,1585768703,13.2,-16.73,6
986717,Kruisfontein,284.48,79,1022,287.19,287.19,287.19,clear sky,4.11,7200,ZA,1585715602,1585757761,-34.0,24.73,0
2334327,Kisi,302.12,58,1009,301.77,301.77,301.77,broken clouds,4.46,3600,NG,1585719708,1585763676,9.08,3.85,61
1337605,Mahibadhoo,305.27,74,1009,301.74,301.74,301.74,scattered clouds,2.85,18000,MV,1585703232,1585746981,3.78,72.97,40
3372760,Praia da Vitória,278.19,71,1020,287.15,287.15,287.15,broken clouds,12.42,0,PT,1585726337,1585771885,38.73,-27.07,75
543246,Kozhva,256.16,93,1008,260.41,260.41,260.41,scattered clouds,1.37,10800,RU,1585704415,1585753438,65.11,57.05,36
3664525,Codajás,302.43,94,1009,297.71,297.71,297.71,moderate rain,1.17,-14400,BR,1585649396,1585692854,-3.84,-62.06,100
2181625,Te Anau,286.74,51,1019,288.3,288.3,288.3,few clouds,0.65,46800,NZ,1585681595,1585723148,-45.42,167.72,14
6144312,Sept-Îles,271.28,64,1024,276.2,276.48,275.93,broken clouds,3.6,-14400,CA,1585648975,1585695349,50.2,-66.38,75
3355672,Lüderitz,287.04,59,1016,290.15,290.15,290.15,clear sky,4.1,7200,NA,1585717722,1585760234,-26.65,15.16,0
5977046,Hornepayne,268.82,88,1024,272.52,272.52,272.52,light snow,1.99,-14400,CA,1585653432,1585699717,49.21,-84.77,100
2330100,Minna,304.83,44,1009,304.61,304.61,304.61,broken clouds,3.5,3600,NG,1585719047,1585763036,9.61,6.56,84
1242110,Kalmunai,300.14,71,1010,298.46,298.46,298.46,scattered clouds,2.66,19800,LK,1585701036,1585744930,7.42,81.82,41
687449,Zboriv,267.35,81,1025,271.46,271.46,271.46,clear sky,2.22,10800,UA,1585713341,1585759825,49.66,25.14,0
4033077,Vaitape,304.23,75,1010,301.96,301.96,301.96,clear sky,5.0,-36000,PF,1585671158,1585714134,-16.52,-151.75,10
3985710,Cabo San Lucas,295.83,60,1013,296.38,297.59,295.37,broken clouds,3.1,-25200,MX,1585660338,1585704876,22.89,-109.91,75
3412888,Stykkisholmur,266.81,94,1015,272.76,272.76,272.76,overcast clouds,5.41,0,IS,1585723516,1585772623,65.08,-22.73,88
2122389,Ossora,262.17,91,1007,266.88,266.88,266.88,scattered clouds,2.66,43200,RU,1585679650,1585727324,59.24,163.07,41
918905,Chinsali,289.15,67,1014,290.2,290.2,290.2,broken clouds,1.91,7200,ZM,1585713324,1585756512,-10.54,32.08,84
229278,Mbale,291.99,48,1011,293.16,293.16,293.16,scattered clouds,1.24,10800,UG,1585712595,1585756238,1.08,34.17,42
3393115,Paracuru,304.26,88,1010,299.42,300.15,299.26,few clouds,1.5,-10800,BR,1585643862,1585687337,-3.41,-39.03,20
3571913,Marsh Harbour,297.92,78,1010,298.19,298.19,298.19,broken clouds,6.31,-14400,BS,1585652370,1585697079,26.54,-77.06,53
333795,Jijiga,291.38,47,1012,292.7,292.7,292.7,clear sky,1.2,10800,ET,1585710358,1585754333,9.35,42.8,8
2191562,Dunedin,287.88,76,1017,288.71,288.71,288.71,clear sky,1.79,46800,NZ,1585680942,1585722466,-45.87,170.5,2
575521,Bogorodskoye,260.33,91,1012,265.48,265.48,265.48,broken clouds,3.11,10800,RU,1585709852,1585757200,56.55,37.88,51
1863495,Gushikawa,291.3,100,1014,292.33,293.15,292.04,overcast clouds,6.2,32400,JP,1585689564,1585734303,26.35,127.87,90
3379507,Bartica,299.62,88,1011,297.15,297.15,297.15,few clouds,3.1,-14400,GY,1585648380,1585692219,6.4,-58.62,20
2990793,Nemours,272.95,69,1023,276.64,278.71,274.26,clear sky,2.1,7200,FR,1585718794,1585765146,48.28,2.69,0
877384,Tingi,290.88,66,1013,290.74,290.74,290.74,few clouds,0.33,10800,TZ,1585712631,1585755789,-11.3,35.03,15
3932145,Pisco,295.65,83,1011,295.01,295.15,294.82,broken clouds,3.6,-18000,PE,1585652976,1585696070,-13.7,-76.22,75
4031574,Provideniya,266.03,79,1016,270.15,270.15,270.15,overcast clouds,2.0,43200,RU,1585759653,1585808744,64.38,-173.3,90
1797264,Quzhou,282.35,82,1021,283.8,283.8,283.8,few clouds,1.3,28800,CN,1585691653,1585736533,28.96,118.87,18
4004293,Ixtapa,299.44,74,1011,298.93,299.15,298.71,few clouds,5.1,-21600,MX,1585659259,1585703694,20.7,-105.2,20
3408368,Acaraú,302.02,89,1010,298.75,298.75,298.75,light rain,3.34,-10800,BR,1585644114,1585687608,-2.89,-40.12,95
3374210,São Filipe,297.5,82,1015,296.14,296.14,296.14,overcast clouds,3.17,-3600,CV,1585640027,1585684199,14.9,-24.5,89
2332453,Lagos,306.32,94,1012,301.15,301.15,301.15,few clouds,3.6,3600,NG,1585719784,1585763648,6.58,3.75,20
1488933,Turinsk,268.55,96,1008,272.74,272.74,272.74,overcast clouds,2.96,18000,RU,1585703550,1585751112,58.05,63.7,100
2108502,Honiara,308.23,66,1008,303.61,303.61,303.61,light rain,1.19,39600,SB,1585682615,1585725857,-9.43,159.95,83
5838199,Sheridan,274.89,56,1009,279.63,280.37,278.15,overcast clouds,3.6,-21600,US,1585658942,1585704837,44.83,-106.92,90
5983720,Iqaluit,246.07,63,1052,251.32,251.48,251.15,few clouds,2.1,-14400,CA,1585648456,1585696890,63.75,-68.51,20
3671437,Caucayá,299.03,93,1009,295.37,295.37,295.37,light rain,0.77,-18000,CO,1585652381,1585695974,-0.19,-74.78,98
1803331,Linxia Chengguanzhen,270.57,42,1018,274.73,274.73,274.73,light snow,1.58,28800,CN,1585695210,1585740491,35.6,103.21,91
5919850,Chapais,272.35,38,1020,277.15,277.15,277.15,clear sky,2.6,-14400,CA,1585651026,1585697362,49.78,-74.85,1
1252783,Yārāda,304.18,88,1010,299.15,299.15,299.15,mist,1.0,19800,IN,1585700471,1585744799,17.65,83.27,40
5856516,‘Āhuimanu,297.08,57,1015,297.79,300.15,294.26,broken clouds,3.6,-36000,US,1585671867,1585716348,21.44,-157.84,75
5859699,College,264.41,35,1025,270.02,270.93,269.15,clear sky,3.1,-28800,US,1585667307,1585716090,64.86,-147.8,1
57000,Hobyo,303.87,76,1010,301.71,301.71,301.71,broken clouds,5.15,10800,SO,1585709065,1585752877,5.35,48.53,83
3105522,Bereda,277.99,81,1009,280.33,282.59,279.26,broken clouds,1.5,7200,ES,1585721477,1585767372,43.27,-7.54,73
5746545,Portland,279.49,70,1019,282.29,285.15,279.26,broken clouds,2.1,-25200,US,1585662690,1585708652,45.52,-122.68,75
6111867,Port Hawkesbury,269.18,95,1013,273.4,273.71,272.59,light snow,3.1,-10800,CA,1585647986,1585693924,45.62,-61.35,90
3520989,Puerto Madero,305.14,66,1009,303.15,303.15,303.15,scattered clouds,4.6,-21600,MX,1585656323,1585700497,14.72,-92.42,40
5972291,Havre-St-Pierre,267.02,69,1023,275.15,275.15,275.15,overcast clouds,8.2,-14400,CA,1585648307,1585694682,50.23,-63.6,90
4031742,Egvekinot,259.47,94,1007,263.97,263.97,263.97,light snow,2.07,43200,RU,1585760786,1585810429,66.32,-179.17,95
1492893,Sayanogorsk,269.23,75,1030,273.38,273.38,273.38,clear sky,2.41,25200,RU,1585697266,1585744102,53.09,91.4,1
3901501,Villazón,280.17,25,1016,287.1,287.1,287.1,light rain,6.06,-14400,BO,1585650586,1585693358,-22.09,-65.59,50
1492566,Severo-Yeniseyskiy,264.84,94,1018,268.21,268.21,268.21,light snow,0.97,25200,RU,1585696321,1585744260,60.37,93.04,99
2396853,Omboué,303.46,87,1010,299.55,299.55,299.55,light rain,2.77,3600,GA,1585718625,1585762163,-1.57,9.26,45
3408166,Águas Belas,297.58,79,1012,296.19,296.19,296.19,clear sky,2.76,-10800,BR,1585643507,1585686775,-9.11,-37.12,4
3664716,Canutama,302.05,90,1008,297.64,297.64,297.64,light rain,0.99,-14400,BR,1585650002,1585693362,-6.53,-64.38,71
1486321,Yar-Sale,252.99,92,1009,258.25,258.25,258.25,scattered clouds,2.64,18000,RU,1585700875,1585750365,66.83,70.83,28
2146219,Hervey Bay,301.07,54,1016,300.95,301.15,300.93,broken clouds,3.6,36000,AU,1585684636,1585727242,-25.3,152.85,75
2913537,Gunzenhausen,264.64,58,1024,269.56,272.04,267.59,clear sky,2.6,7200,DE,1585716820,1585763253,49.1,10.75,1
1039536,Maxixe,296.36,73,1014,295.78,295.78,295.78,clear sky,2.89,7200,MZ,1585712813,1585755454,-23.86,35.35,1
2208330,Whakatane,295.8,68,1016,295.37,295.37,295.37,few clouds,2.24,46800,NZ,1585679144,1585721150,-37.96,176.99,19
3448903,São João da Barra,300.0,83,1015,298.02,298.02,298.02,clear sky,3.72,-10800,BR,1585644687,1585687481,-21.64,-41.05,10
1701054,Marawi,298.61,58,1013,297.51,297.51,297.51,overcast clouds,1.03,28800,PH,1585690835,1585734749,8.0,124.29,96
525426,Sobolevo,264.72,79,1017,270.47,270.47,270.47,scattered clouds,4.37,10800,RU,1585711435,1585758487,54.43,31.9,43
1673820,Kaohsiung City,298.0,65,1015,298.61,300.15,296.15,broken clouds,5.1,28800,TW,1585691470,1585736024,22.62,120.31,75
3388847,São Félix do Xingu,301.58,88,1010,297.19,297.19,297.19,light rain,0.39,-10800,BR,1585647031,1585690387,-6.64,-51.99,99
6690296,Saint-Joseph,295.1,83,1009,294.38,297.15,292.04,light rain,3.1,14400,RE,1585707893,1585750646,-21.37,55.62,5
1163272,Toba Tek Singh,287.21,91,1013,288.11,288.11,288.11,clear sky,2.85,18000,PK,1585702720,1585747728,30.97,72.48,0
2134814,Sola,304.49,83,1009,302.15,302.15,302.15,overcast clouds,6.57,39600,VU,1585680876,1585723948,-13.88,167.55,90
1185218,Gafargaon,298.36,69,1010,297.15,297.15,297.15,haze,2.24,21600,BD,1585698558,1585743208,24.43,90.57,0
3573374,The Valley,298.55,69,1014,297.96,298.15,297.59,few clouds,3.6,-14400,AI,1585649206,1585693524,18.22,-63.06,20
5954718,Flin Flon,261.44,95,1015,267.44,267.44,267.44,light snow,4.65,-18000,CA,1585657210,1585704140,54.77,-101.86,100
1633419,Padang,301.76,74,1011,298.87,298.87,298.87,broken clouds,1.65,25200,ID,1585696755,1585740318,-0.95,100.35,84
962367,Richards Bay,296.11,78,1013,297.94,297.94,297.94,overcast clouds,8.37,7200,ZA,1585713719,1585756137,-28.78,32.04,99
5545269,Price,283.74,21,1013,289.01,290.15,283.15,clear sky,3.6,-21600,US,1585660076,1585705569,39.6,-110.81,1
3395458,Maragogi,302.56,79,1012,299.82,299.82,299.82,broken clouds,3.35,-10800,BR,1585643049,1585686321,-9.01,-35.22,57
108410,Riyadh,289.78,22,1016,294.15,294.15,294.15,clear sky,3.1,10800,SA,1585709068,1585753742,24.69,46.72,0
107304,Buraidah,291.71,46,1012,296.15,296.15,296.15,clear sky,6.7,10800,SA,1585709683,1585754442,26.33,43.98,0
3984997,San Quintín,288.94,65,1013,291.45,291.45,291.45,overcast clouds,4.3,-25200,MX,1585661593,1585706519,30.48,-115.95,100
691639,Ternuvate,267.4,82,1019,273.24,273.24,273.24,scattered clouds,5.01,10800,UA,1585710802,1585757090,47.83,36.13,26
4513583,Hamilton,274.36,65,1012,279.52,280.93,278.15,overcast clouds,4.6,-14400,US,1585653791,1585699243,39.18,-84.53,90
2421903,Dinguiraye,297.81,21,1010,299.83,299.83,299.83,scattered clouds,0.62,0,GN,1585723156,1585767219,11.3,-10.72,39
6180550,Whitehorse,257.36,34,1026,265.32,266.48,264.82,scattered clouds,6.2,-25200,CA,1585664698,1585712580,60.72,-135.05,40
3361934,Saldanha,285.25,77,1020,288.15,288.15,288.15,clear sky,4.6,7200,ZA,1585717207,1585759415,-33.01,17.94,0
924572,Nsanje,293.47,89,1014,291.95,291.95,291.95,few clouds,1.2,7200,MW,1585712689,1585755621,-16.92,35.26,15
3985168,San Patricio,303.28,78,1009,301.15,301.15,301.15,clear sky,5.1,-21600,MX,1585659172,1585703541,19.22,-104.7,5
3380290,Sinnamary,300.07,83,1010,299.01,299.01,299.01,overcast clouds,5.78,-10800,GF,1585647039,1585690839,5.38,-52.95,97
3653523,Palora,294.25,73,1012,293.04,293.04,293.04,light rain,0.53,-18000,EC,1585653165,1585696702,-1.7,-77.93,88
2294915,Takoradze,303.98,88,1011,300.15,300.15,300.15,light rain,3.56,0,GH,1585721140,1585764935,4.88,-1.76,82
4031637,Lavrentiya,262.6,94,1016,267.54,267.54,267.54,few clouds,3.13,43200,RU,1585758939,1585808355,65.58,-171.0,16
6173361,Vanderhoof,258.94,86,1030,264.52,264.52,264.52,light snow,3.55,-25200,CA,1585662567,1585709418,54.02,-124.02,100
5113760,Corning,275.61,87,1013,278.51,280.37,276.48,overcast clouds,2.1,-14400,US,1585651890,1585697554,42.14,-77.05,90
704915,Korop,265.63,84,1020,270.47,270.47,270.47,clear sky,3.19,10800,UA,1585711360,1585758053,51.57,32.96,1
2964405,Ennis,276.46,75,1032,280.15,280.15,280.15,broken clouds,3.1,3600,IE,1585721335,1585768210,52.84,-8.99,75
4315535,Bastrop,284.87,58,1016,287.6,290.15,285.37,clear sky,2.67,-18000,US,1585655754,1585700802,32.76,-91.87,1
779261,Kjøllefjord,262.52,92,995,270.51,270.51,270.51,light snow,7.88,7200,NO,1585710520,1585761586,70.95,27.35,100
2618795,Klaksvík,269.84,93,1012,280.15,280.15,280.15,light rain,13.4,3600,FO,1585719993,1585768401,62.23,-6.59,100
2138285,Tadine,298.19,73,1013,299.47,299.47,299.47,broken clouds,7.87,39600,NC,1585680949,1585723717,-21.55,167.88,55
434147,Rutana Province,285.75,57,1013,287.61,287.61,287.61,overcast clouds,1.36,7200,BI,1585713669,1585757117,-3.87,30.1,91
3423146,Ilulissat,247.44,65,1042,257.15,257.15,257.15,light shower snow,8.7,-7200,GL,1585643517,1585693473,69.22,-51.1,99
3440034,Tacuarembó,292.26,79,1016,293.84,293.84,293.84,few clouds,5.6,-10800,UY,1585648485,1585690848,-31.73,-55.98,23
964420,Port Elizabeth,284.62,87,1022,289.15,289.15,289.15,light rain,8.2,7200,ZA,1585715398,1585757562,-33.92,25.57,90
1735106,George Town,306.64,88,1009,300.69,302.15,299.82,few clouds,1.0,28800,MY,1585696633,1585740445,5.41,100.34,20
1487860,Vagay,266.77,94,1012,271.31,271.31,271.31,overcast clouds,3.13,18000,RU,1585702285,1585749824,57.94,69.02,100
128008,Khalkhāl,270.25,46,1015,275.1,275.1,275.1,broken clouds,2.74,16200,IR,1585708252,1585753690,37.62,48.53,52
5769288,Spearfish,274.39,61,1011,281.87,286.48,276.48,light rain,8.2,-21600,US,1585658223,1585704087,44.49,-103.86,90
5850554,Makakilo City,296.75,69,1016,297.73,300.15,294.26,scattered clouds,5.7,-36000,US,1585671929,1585716406,21.35,-158.09,40
5079250,South Sioux City,283.01,42,1011,289.18,292.15,284.82,clear sky,6.7,-18000,US,1585656518,1585702217,42.47,-96.41,1
2062276,Roebourne,302.17,22,1009,304.35,304.35,304.35,overcast clouds,2.09,28800,AU,1585693116,1585735905,-20.78,117.13,99
1257629,Salem,295.36,58,1012,294.75,294.75,294.75,few clouds,0.45,19800,IN,1585701825,1585745893,11.65,78.17,16
157107,Kirando,296.91,60,1012,296.58,296.58,296.58,broken clouds,1.95,10800,TZ,1585713618,1585756928,-7.42,30.6,59
4642938,Morristown,275.97,100,1008,279.94,281.48,278.15,light rain,4.6,-14400,US,1585653592,1585698847,36.21,-83.29,90
2013921,Ust-Kuyga,252.11,91,998,257.08,257.08,257.08,overcast clouds,2.13,36000,RU,1585684825,1585735332,70.02,135.6,95
162627,Yabrūd,277.81,66,1009,282.78,284.15,280.93,scattered clouds,5.1,10800,SY,1585711219,1585756419,33.97,36.66,40
506763,Polyarny,261.15,92,988,266.15,266.15,266.15,light shower snow,3.0,10800,RU,1585709420,1585759758,69.2,33.45,90
5924618,Cochrane,256.96,72,1015,263.48,264.82,262.04,light snow,4.6,-21600,CA,1585660446,1585706956,51.18,-114.47,90
1067565,Beloha,293.69,87,1013,294.12,294.12,294.12,scattered clouds,5.06,10800,MG,1585710513,1585753099,-25.17,45.05,29
5601615,Mountain Home,274.49,61,1012,281.04,282.15,279.82,light intensity drizzle,6.7,-21600,US,1585661114,1585706874,43.13,-115.69,75
4013679,Coahuayana Viejo,300.9,48,1012,302.15,302.15,302.15,clear sky,5.1,-21600,MX,1585658938,1585703285,18.73,-103.68,5
2015352,Terney,275.16,60,1013,279.88,279.88,279.88,overcast clouds,3.8,36000,RU,1585686849,1585732823,45.05,136.61,100
5354943,Half Moon Bay,285.24,55,1020,290.66,293.71,287.04,few clouds,7.2,-25200,US,1585662935,1585708286,37.46,-122.43,20
2016680,Shirokiy,270.01,60,1011,276.81,276.81,276.81,broken clouds,6.25,32400,RU,1585688322,1585734752,49.76,129.52,59
2128975,Nemuro,276.81,70,1015,282.15,282.15,282.15,broken clouds,5.7,32400,JP,1585684774,1585730598,43.32,145.57,75
178443,Wajir,301.18,70,1009,300.64,300.64,300.64,light rain,5.59,10800,KE,1585711169,1585754838,1.75,40.06,11
1505438,Isil'kul',265.21,94,1016,270.2,270.2,270.2,broken clouds,3.59,21600,RU,1585701970,1585749058,54.91,71.27,68
5882953,Aklavik,257.54,34,1030,265.15,265.15,265.15,clear sky,5.7,-21600,CA,1585663765,1585713494,68.22,-135.01,5
4992232,Escanaba,270.09,74,1020,274.92,276.48,273.71,overcast clouds,3.6,-14400,US,1585654142,1585700105,45.75,-87.06,90
1529651,Altay,265.03,48,1030,271.06,271.06,271.06,clear sky,4.09,28800,CN,1585698340,1585744602,47.87,88.12,0
485660,Tsimmerbude,268.67,74,1017,275.15,275.15,275.15,broken clouds,6.0,7200,RU,1585714239,1585761332,54.67,20.13,75
553766,Kamenka,265.76,76,1003,269.82,269.82,269.82,clear sky,1.79,10800,RU,1585709024,1585755682,51.32,42.77,3
1253237,Verāval,294.86,84,1011,295.0,295.0,295.0,clear sky,4.83,19800,IN,1585703490,1585747971,20.9,70.37,0
1695546,Pandan,303.46,78,1014,300.27,300.27,300.27,light rain,2.89,28800,PH,1585690739,1585734903,14.05,124.17,93
610864,Khani,277.8,76,1011,282.15,282.15,282.15,clear sky,4.6,14400,GE,1585709426,1585755189,41.96,42.96,0
2577164,Orodara,302.29,16,1009,304.27,304.27,304.27,broken clouds,0.51,0,BF,1585721775,1585765822,10.95,-4.93,64
2132606,Samarai,302.77,82,1010,299.81,299.81,299.81,light rain,3.52,36000,PG,1585684865,1585728060,-10.62,150.67,100
1150965,Ranong,300.58,100,1010,296.15,296.15,296.15,clear sky,1.16,25200,TH,1585696951,1585740947,9.97,98.63,4
1637001,Biak,304.31,70,1010,300.73,300.73,300.73,light rain,1.3,28800,ID,1585691348,1585734913,-0.91,122.88,96
5913695,Cambridge,272.27,100,1015,277.16,278.15,275.93,mist,5.1,-14400,CA,1585652624,1585698385,43.36,-80.31,90
515879,Oktyabr'skiy,270.85,82,1003,274.88,274.88,274.88,overcast clouds,2.71,18000,RU,1585706264,1585753307,54.48,53.47,100
2446796,Bilma,299.01,16,1008,302.62,302.62,302.62,clear sky,2.53,3600,NE,1585717321,1585761710,18.69,12.92,0
2012530,Zhigansk,255.22,95,997,261.32,261.32,261.32,overcast clouds,4.1,32400,RU,1585688309,1585737717,66.77,123.37,100
550512,Kharovsk,260.38,92,1007,264.83,264.83,264.83,clear sky,2.06,10800,RU,1585709016,1585756928,59.96,40.19,6
1831166,Kampong Chhnang,301.59,75,1011,300.39,300.39,300.39,broken clouds,5.32,25200,KH,1585695485,1585739572,12.17,104.55,64
6167817,Torbay,270.86,93,1016,275.51,277.59,273.71,fog,4.1,-9000,CA,1585645828,1585691945,47.67,-52.73,90
777381,Storslett,265.0,88,997,270.94,270.94,270.94,light snow,4.93,7200,NO,1585712284,1585762860,69.77,21.02,100
2460954,Araouane,294.64,14,1012,299.35,299.35,299.35,clear sky,3.25,0,ML,1585721262,1585765663,18.9,-3.53,2
3414079,Olafsvik,266.81,91,1016,273.6,273.6,273.6,overcast clouds,6.69,0,IS,1585723776,1585772833,64.89,-23.71,100
2063056,Port Augusta,294.95,77,1012,294.38,294.82,293.15,overcast clouds,2.6,37800,AU,1585688421,1585730694,-32.5,137.77,90
2598243,Soubre,302.56,91,1011,298.19,298.19,298.19,moderate rain,1.62,0,CI,1585722285,1585766118,5.79,-6.61,83
5742974,North Bend,279.2,70,1023,282.93,283.71,282.04,scattered clouds,3.6,-25200,US,1585663147,1585708934,43.41,-124.22,40
1185251,Lālmohan,299.6,56,1008,298.17,298.17,298.17,clear sky,0.59,21600,BD,1585698569,1585743116,22.34,90.74,2
2027196,Balakhninskiy,265.48,79,1001,273.7,273.7,273.7,snow,8.4,28800,RU,1585691438,1585738950,58.01,114.28,100
2445553,Dogondoutchi,300.29,12,1007,304.16,304.16,304.16,scattered clouds,2.35,3600,NE,1585719567,1585763730,13.64,4.03,33
3146487,Raudeberg,271.95,93,1012,278.58,279.15,277.59,light rain,7.7,7200,NO,1585717210,1585765555,61.99,5.14,100
5423294,Golden,279.62,16,1011,290.16,293.15,283.15,scattered clouds,10.8,-21600,US,1585658730,1585704232,39.76,-105.22,40
3988265,Sahuaripa,299.27,11,1010,303.21,303.21,303.21,overcast clouds,2.12,-25200,MX,1585660020,1585704867,29.05,-109.23,100
1622318,Waingapu,304.27,70,1010,301.17,301.17,301.17,overcast clouds,2.3,28800,ID,1585692144,1585735374,-9.66,120.26,85
3374083,Bathsheba,300.02,58,1012,301.15,301.15,301.15,few clouds,6.2,-14400,BB,1585648462,1585692569,13.22,-59.52,20
371745,Kutum,289.72,15,1010,294.3,294.3,294.3,few clouds,2.6,7200,SD,1585714604,1585758788,14.2,24.67,12
5815135,Washington,270.49,22,1011,279.87,285.15,274.26,clear sky,8.7,-25200,US,1585662078,1585708218,47.5,-120.5,1
2120612,Tigil',264.96,97,1005,271.18,271.18,271.18,light snow,5.59,43200,RU,1585680822,1585728264,57.8,158.67,100
863061,Usinsk,254.55,96,1008,259.49,259.49,259.49,broken clouds,2.3,10800,RU,1585704180,1585753442,65.99,57.53,80
244878,Biltine,296.53,13,1007,300.97,300.97,300.97,clear sky,2.92,3600,TD,1585715496,1585759695,14.53,20.92,4
358619,Port Said,287.98,77,1012,292.15,292.15,292.15,clear sky,8.2,7200,EG,1585712351,1585757389,31.26,32.28,0
1792592,Tongren,284.61,69,1019,286.0,286.0,286.0,clear sky,1.08,28800,CN,1585694008,1585738823,27.72,109.19,3
3419842,Sisimiut,251.51,86,1045,256.61,256.61,256.61,light snow,2.25,-7200,GL,1585644497,1585693727,66.94,-53.67,93
3996387,Matehuala,291.37,36,1012,295.86,295.86,295.86,moderate rain,5.37,-21600,MX,1585658099,1585702671,23.65,-100.65,82
3981432,Todos Santos,293.78,53,1012,296.38,298.15,295.37,scattered clouds,5.1,-25200,MX,1585660399,1585704964,23.45,-110.22,40
5924351,Clyde River,250.69,71,1039,257.15,257.15,257.15,overcast clouds,4.1,-14400,CA,1585647464,1585697920,70.47,-68.59,90
3628473,San Cristobal,296.76,51,1009,296.25,296.25,296.25,light rain,0.34,-14400,VE,1585651617,1585695510,7.77,-72.22,70
3421765,Nanortalik,266.69,88,1030,273.63,273.63,273.63,scattered clouds,6.82,-7200,GL,1585643242,1585690936,60.14,-45.24,26
3869716,Tocopilla,294.55,45,1013,296.77,296.77,296.77,few clouds,3.63,-10800,CL,1585651693,1585694464,-22.09,-70.2,17
3909234,Oruro,277.11,23,1016,283.63,283.63,283.63,overcast clouds,4.97,-14400,BO,1585650880,1585693813,-17.98,-67.15,87
3104324,Zaragoza,275.16,100,1015,279.6,281.48,278.15,light rain,5.17,7200,ES,1585719947,1585765706,41.66,-0.88,90
3465145,Crixás,299.03,69,1011,297.0,297.0,297.0,clear sky,0.97,-10800,BR,1585646692,1585689757,-14.55,-49.97,4
2258378,Loandjili,307.71,89,1009,302.15,302.15,302.15,scattered clouds,3.1,3600,CG,1585718063,1585761476,-4.76,11.86,40
3393692,Itarema,302.12,88,1010,298.99,298.99,298.99,light rain,3.59,-10800,BR,1585644066,1585687559,-2.92,-39.92,95
64814,Bandarbeyla,301.77,79,1011,299.62,299.62,299.62,few clouds,4.05,10800,SO,1585708433,1585752414,9.49,50.81,14
3901485,Viloco,277.37,29,1016,281.08,281.08,281.08,light rain,1.05,-14400,BO,1585650957,1585693928,-16.95,-67.55,97
2343641,Ekpoma,301.16,87,1010,297.62,297.62,297.62,overcast clouds,1.78,3600,NG,1585719207,1585763078,6.74,6.14,100
3671497,Puerto Colombia,300.84,74,1007,300.15,300.15,300.15,clear sky,5.7,-18000,CO,1585652208,1585696228,10.99,-74.95,1
2013229,Vyazemskiy,272.72,62,1015,277.61,277.61,277.61,few clouds,3.73,36000,RU,1585687181,1585733384,47.54,134.75,23
1265053,Lar,291.51,21,1006,295.27,295.27,295.27,few clouds,2.29,19800,IN,1585700096,1585744838,26.2,83.97,14
3407755,Amarante do Maranhão,301.37,84,1010,297.31,297.31,297.31,light rain,0.38,-10800,BR,1585645751,1585689147,-5.57,-46.74,96
337405,Gambēla,301.64,42,1008,301.09,301.09,301.09,scattered clouds,0.94,10800,ET,1585712353,1585756283,8.25,34.58,25
5557293,Sitka,270.4,44,1024,275.84,276.15,274.15,few clouds,3.6,-28800,US,1585665070,1585712343,57.05,-135.33,20
2146108,Traralgon,294.04,68,1017,294.07,295.93,292.59,clear sky,2.24,39600,AU,1585686465,1585728447,-38.18,146.53,0
2664996,Varberg,270.54,86,1015,277.56,278.15,276.15,broken clouds,7.7,7200,SE,1585715949,1585763403,57.11,12.25,82
1729181,Baganga,302.13,63,1013,300.14,300.14,300.14,broken clouds,1.99,28800,PH,1585690299,1585734196,7.57,126.56,78
650095,Kurikka,268.94,64,994,274.4,275.15,274.15,few clouds,4.1,10800,FI,1585713004,1585761467,62.62,22.42,20
1847947,Shingū,289.91,82,1006,290.15,290.15,290.15,light intensity shower rain,2.1,32400,JP,1585687412,1585732563,33.73,135.98,75
1296736,Shwebo,295.41,39,1008,296.57,296.57,296.57,clear sky,1.22,23400,MM,1585697374,1585741931,22.57,95.7,4
3356832,Henties Bay,285.78,91,1016,287.59,287.59,287.59,clear sky,3.92,7200,NA,1585717833,1585760545,-22.12,14.28,0
3567834,Baracoa,302.82,80,1012,299.23,299.23,299.23,clear sky,1.85,-14400,CU,1585651903,1585696317,20.35,-74.5,1
260895,Karpathos,283.71,82,1010,288.15,288.15,288.15,few clouds,7.2,10800,GR,1585713435,1585758738,35.51,27.21,17
1786855,Yatou,271.3,54,1021,280.63,280.63,280.63,overcast clouds,10.25,28800,CN,1585690562,1585735939,37.15,122.38,95
2637891,Shrewsbury,276.13,86,1029,278.03,278.71,277.04,broken clouds,0.5,3600,GB,1585719848,1585766702,52.71,-2.75,84
2409914,Bonthe,303.26,82,1010,300.41,300.41,300.41,scattered clouds,4.17,0,SL,1585723665,1585767569,7.53,-12.51,36
2392087,Porto-Novo,305.57,88,1010,301.15,301.15,301.15,scattered clouds,3.6,3600,BJ,1585720061,1585763922,6.5,2.6,40
893549,Chipinge,286.42,62,1015,287.93,287.93,287.93,clear sky,1.35,7200,ZW,1585713390,1585756187,-20.19,32.62,0
3522788,Nautla,302.58,73,1012,300.14,300.14,300.14,scattered clouds,3.02,-21600,MX,1585657250,1585701662,20.22,-96.78,26
1737185,Kapit,302.73,89,1011,297.84,297.84,297.84,scattered clouds,0.31,28800,MY,1585693679,1585737357,2.02,112.93,48
3517970,Pochutla,304.54,62,1009,302.53,303.15,302.04,clear sky,3.34,-21600,MX,1585657273,1585701490,15.74,-96.47,5
3381428,Iracoubo,300.37,84,1010,298.91,298.91,298.91,light rain,5.29,-10800,GF,1585647097,1585690901,5.48,-53.2,95
301101,Serik,283.46,67,1007,287.15,287.15,287.15,broken clouds,4.6,10800,TR,1585712455,1585757851,36.92,31.1,75
3894426,Coyhaique,280.57,61,1019,283.15,283.15,283.15,scattered clouds,1.5,-10800,CL,1585652724,1585694330,-45.58,-72.07,40
934322,Mahébourg,303.53,93,1009,298.15,298.15,298.15,light rain,0.45,14400,MU,1585707374,1585750167,-20.41,57.7,0
3464343,Eldorado,299.39,69,1012,297.21,297.21,297.21,scattered clouds,0.89,-14400,BR,1585647906,1585690611,-23.79,-54.28,36
1524325,Ekibastuz,267.78,83,1019,273.35,273.35,273.35,clear sky,4.66,21600,KZ,1585701192,1585747869,51.67,75.37,0
1640902,Kawalu,300.43,76,1010,297.36,297.36,297.36,overcast clouds,0.7,25200,ID,1585694992,1585738309,-7.38,108.21,89
110690,Faya,286.72,67,1023,288.65,289.15,288.15,scattered clouds,2.6,10800,SA,1585710245,1585754614,18.39,42.45,27
6316343,Alta Floresta,300.33,85,1009,296.85,296.85,296.85,light rain,1.02,-14400,BR,1585648074,1585691312,-9.88,-56.09,97
1510689,Baykit,257.12,90,1019,261.11,261.11,261.11,scattered clouds,1.02,25200,RU,1585695397,1585743586,61.67,96.37,41
4705349,Laredo,298.3,14,1013,303.84,306.15,302.04,clear sky,5.1,-18000,US,1585657729,1585702493,27.51,-99.51,1
3376223,Rosignol,299.19,82,1011,297.85,297.85,297.85,broken clouds,4.37,-14400,GY,1585648121,1585691956,6.28,-57.53,79
1688781,City of San Pedro,307.0,58,1013,303.7,304.26,303.15,few clouds,1.5,28800,PH,1585691488,1585735666,14.35,121.02,20
2523352,Santa Flavia,281.53,83,1001,283.58,285.37,280.93,overcast clouds,2.15,7200,IT,1585716624,1585762109,38.09,13.54,97
3855065,General Roca,290.57,72,1016,291.15,291.15,291.15,scattered clouds,2.1,-10800,AR,1585651452,1585693448,-39.03,-67.58,40
1632694,Pangkalanbuun,303.3,82,1010,299.42,299.42,299.42,light rain,1.9,25200,ID,1585694084,1585737581,-2.68,111.62,88
2184707,Wanaka,288.81,36,1020,290.55,290.55,290.55,scattered clouds,0.13,46800,NZ,1585681228,1585722829,-44.7,169.15,28
2644605,Lerwick,273.08,81,1019,280.15,280.15,280.15,light rain,8.2,3600,GB,1585718899,1585766884,60.15,-1.15,97
3662927,Pauini,302.01,82,1008,297.8,297.8,297.8,light rain,0.23,-14400,BR,1585650647,1585693964,-7.71,-66.98,87
1512019,Aksarka,253.19,92,1010,258.4,258.4,258.4,clear sky,2.57,18000,RU,1585701640,1585751054,66.56,67.8,1
515805,Oktyabr'skoye,276.57,61,1015,279.52,279.52,279.52,overcast clouds,1.26,10800,RU,1585708954,1585754806,43.06,44.74,87
1529484,Kumul,271.48,39,1025,278.61,278.61,278.61,clear sky,6.13,28800,CN,1585697289,1585743096,42.8,93.45,0
2127202,Anadyr,263.98,80,1003,272.09,272.15,272.04,scattered clouds,8.0,43200,RU,1585675632,1585724427,64.75,177.48,40
3471368,Astorga,302.14,57,1014,300.15,300.15,300.15,clear sky,1.0,-10800,BR,1585647268,1585689997,-23.23,-51.67,5
2281120,Tabou,304.51,85,1011,300.48,300.48,300.48,scattered clouds,3.05,0,CI,1585722491,1585766268,4.42,-7.35,39
1738050,Marabu,305.47,83,1011,301.04,301.15,300.93,broken clouds,2.6,28800,MY,1585693373,1585737145,4.41,114.01,75
1529376,Korla,272.11,36,1020,278.6,278.6,278.6,scattered clouds,5.09,28800,CN,1585699080,1585744807,41.76,86.15,35
2654970,Brae,271.6,70,1017,280.15,280.15,280.15,light rain,9.8,3600,GB,1585718923,1585766956,60.4,-1.35,97
1180809,Dadu,295.98,49,1011,296.59,296.59,296.59,clear sky,1.8,18000,PK,1585703965,1585748739,26.73,67.78,0
3520994,Puerto Escondido,307.71,89,1010,302.15,302.15,302.15,scattered clouds,3.1,-21600,MX,1585657415,1585701637,15.85,-97.07,40
3492985,Santa Cruz de Barahona,299.43,77,1013,297.42,297.42,297.42,clear sky,2.39,-14400,DO,1585651135,1585695454,18.21,-71.1,1
4462716,Cumberland,277.31,87,1004,282.32,283.15,281.48,overcast clouds,6.2,-14400,US,1585652568,1585697749,35.05,-78.87,90
7671223,Kloulklubed,304.33,74,1012,302.15,302.15,302.15,broken clouds,5.1,32400,PW,1585688463,1585732337,7.04,134.26,75
5509851,Pahrump,291.48,18,1013,296.0,296.48,294.26,overcast clouds,3.1,-25200,US,1585661430,1585706697,36.21,-115.98,99
1818051,Anjiang,284.57,72,1020,285.7,285.7,285.7,clear sky,0.82,28800,CN,1585693800,1585738594,27.32,110.1,0
2138555,Poum,298.34,76,1012,298.77,298.77,298.77,broken clouds,6.64,39600,NC,1585681849,1585724669,-20.23,164.02,55
2178753,Kirakira,304.38,78,1008,300.79,300.79,300.79,light rain,2.73,39600,SB,1585682161,1585725365,-10.45,161.92,100
4944903,Nantucket,269.22,69,1015,274.87,275.93,273.71,broken clouds,4.6,-14400,US,1585650256,1585695853,41.28,-70.1,75
5969025,Haines Junction,259.76,78,1030,264.15,264.15,264.15,overcast clouds,1.7,-25200,CA,1585665285,1585713174,60.75,-137.51,100
1629001,Samarinda,303.15,94,1011,297.93,297.93,297.93,overcast clouds,0.64,28800,ID,1585692715,1585736296,-0.5,117.15,99
113508,Takāb,273.5,47,1017,277.0,277.0,277.0,broken clouds,1.06,16200,IR,1585708634,1585753989,36.4,47.11,75
1858301,Kurayoshi,286.04,93,1008,286.15,286.15,286.15,light rain,1.0,32400,JP,1585687876,1585733135,35.43,133.82,75
230893,Kitgum,295.41,55,1009,295.39,295.39,295.39,broken clouds,1.2,10800,UG,1585712859,1585756588,3.28,32.89,55
1214488,Meulaboh,303.84,81,1010,299.72,299.72,299.72,moderate rain,1.64,25200,ID,1585697668,1585741430,4.14,96.13,60
3584003,Puerto El Triunfo,306.19,66,1009,303.15,303.15,303.15,smoke,3.1,-21600,SV,1585655425,1585699538,13.28,-88.55,40
3437920,Itakyry,299.81,63,1012,298.3,298.3,298.3,broken clouds,1.59,-14400,PY,1585648155,1585690813,-24.93,-55.22,57
4617305,Davidson,276.88,50,1013,283.19,284.26,282.04,broken clouds,6.2,-18000,US,1585654431,1585699683,36.15,-86.78,75
1012600,Cradock,284.54,62,1021,287.35,287.35,287.35,overcast clouds,3.03,7200,ZA,1585715342,1585757594,-32.16,25.62,90
1797929,Qingdao,278.47,32,1024,284.55,284.82,284.15,few clouds,5.0,28800,CN,1585691079,1585736386,36.1,120.37,23
5961564,Glace Bay,267.0,92,1014,272.15,273.15,271.48,mist,4.1,-10800,CA,1585647627,1585693615,46.2,-59.96,90
304183,Bayir,280.09,93,1010,281.15,281.15,281.15,scattered clouds,0.5,10800,TR,1585713133,1585758555,37.27,28.22,45
3938415,Ilo,297.34,76,1014,295.04,295.04,295.04,broken clouds,0.38,-18000,PE,1585651879,1585694824,-17.64,-71.34,81
4956335,Yarmouth,269.73,64,1015,274.48,275.93,273.15,clear sky,3.1,-14400,US,1585650271,1585695900,41.71,-70.23,1
5554428,Ketchikan,273.87,33,1022,279.36,280.15,278.15,scattered clouds,3.6,-28800,US,1585664309,1585711337,55.34,-131.65,40
6050066,La Ronge,254.16,71,1019,260.15,260.15,260.15,light snow,3.6,-21600,CA,1585658008,1585704984,55.1,-105.28,90
2638419,Scarborough,275.05,75,1027,278.64,279.26,278.15,overcast clouds,2.6,3600,GB,1585719184,1585766239,54.28,-0.4,93
1524801,Shīeli,283.32,83,1007,286.24,286.24,286.24,broken clouds,4.34,18000,KZ,1585703632,1585749566,44.17,66.75,83
1799686,Tongzi,288.91,63,1016,289.67,289.67,289.67,overcast clouds,0.94,28800,CN,1585694962,1585739837,28.78,105.09,100
2464701,Tataouine,285.57,44,1016,288.15,288.15,288.15,clear sky,1.5,3600,TN,1585717536,1585762681,32.93,10.45,6
4898433,Kewanee,273.88,75,1017,277.93,279.82,276.48,overcast clouds,3.1,-18000,US,1585655009,1585700612,41.25,-89.92,90
1519422,Semey,263.02,85,1019,268.15,268.15,268.15,clear sky,3.3,21600,KZ,1585700099,1585746630,50.41,80.23,0
2109528,Buala,306.24,72,1008,302.49,302.49,302.49,overcast clouds,2.75,39600,SB,1585682677,1585725968,-8.14,159.59,87
1244926,Hambantota,301.15,100,1010,297.15,297.15,297.15,few clouds,2.6,19800,LK,1585701230,1585745071,6.12,81.12,20
2972270,Tourlaville,272.53,80,1026,277.85,279.26,277.15,clear sky,5.1,7200,FR,1585719743,1585766241,49.64,-1.57,0
2084442,Vanimo,305.19,73,1011,301.31,301.31,301.31,overcast clouds,1.83,36000,PG,1585686962,1585730460,-2.67,141.3,100
2269594,Cascais,280.25,93,1009,281.57,282.59,279.15,moderate rain,1.0,3600,PT,1585722107,1585767645,38.7,-9.42,20
1491360,Sorsk,266.91,72,1026,270.69,270.69,270.69,clear sky,1.42,25200,RU,1585697484,1585744436,54.0,90.25,0
1262151,Nāhan,287.19,43,1014,290.12,290.12,290.12,few clouds,2.39,19800,IN,1585701576,1585746558,30.55,77.3,20
3404558,Cabedelo,304.18,88,1012,299.15,299.15,299.15,few clouds,1.0,-10800,BR,1585642919,1585686264,-6.98,-34.83,20
352628,Maţāy,288.01,34,1013,292.27,292.27,292.27,clear sky,3.91,7200,EG,1585712792,1585757668,28.42,30.78,0
1787901,Xunchang,288.72,63,1015,289.32,289.32,289.32,overcast clouds,0.59,28800,CN,1585695060,1585739916,28.45,104.72,100
1810845,Fuyang,280.71,90,1023,282.58,282.58,282.58,few clouds,1.97,28800,CN,1585692271,1585737379,32.9,115.82,24
3695675,La Peca,295.01,61,1012,294.99,294.99,294.99,light rain,1.76,-18000,PE,1585653359,1585696752,-5.61,-78.44,45
1859307,Kitakyushu,283.92,100,1008,285.13,287.15,283.71,light intensity shower rain,2.6,32400,JP,1585688643,1585733803,33.83,130.83,75
3578851,Marigot,298.47,69,1014,297.9,298.15,297.15,few clouds,3.6,-14400,MF,1585649214,1585693526,18.07,-63.08,20
2092164,Lorengau,304.63,79,1010,301.81,301.81,301.81,light rain,4.83,36000,PG,1585685517,1585729040,-2.02,147.27,87
1812728,Dingzhou,277.62,87,1030,280.15,280.15,280.15,light rain,2.0,28800,CN,1585692285,1585737758,38.51,115.0,90
303750,Tall Kayf,278.02,73,1012,283.92,283.92,283.92,light rain,7.15,10800,TR,1585710059,1585755463,37.08,41.07,100
4231997,Avera,285.83,93,1004,286.85,288.15,285.93,overcast clouds,2.6,-14400,US,1585653502,1585698572,33.19,-82.53,90
3572189,High Rock,301.31,78,1010,300.15,300.15,300.15,light rain,5.7,-14400,BS,1585652661,1585697374,26.62,-78.28,54
2961459,Skibbereen,275.14,70,1031,279.15,279.15,279.15,broken clouds,3.1,3600,IE,1585721481,1585768199,51.55,-9.27,75
2167426,Emerald,300.5,54,1016,301.3,301.48,301.15,clear sky,5.1,36000,AU,1585685722,1585728403,-23.53,148.17,0
2960869,Youghal,276.14,70,1031,280.02,280.93,279.15,broken clouds,3.1,3600,IE,1585721117,1585767882,51.95,-7.85,75
2400547,Gamba,303.5,86,1010,299.76,299.76,299.76,clear sky,3.03,3600,GA,1585718468,1585761964,-2.65,10.0,1
367544,Sawākin,297.37,46,1009,297.3,297.3,297.3,clear sky,0.69,7200,SD,1585711456,1585755860,19.11,37.33,0
2160517,Launceston,289.65,63,1019,291.18,292.59,290.15,overcast clouds,2.6,39600,AU,1585686405,1585728200,-41.45,147.17,90
2150163,Sawtell,296.86,73,1019,297.23,299.15,297.04,overcast clouds,5.1,39600,AU,1585684690,1585727069,-30.38,153.1,90
5044290,Saint Anthony,277.99,39,1016,282.32,284.15,280.37,clear sky,2.6,-18000,US,1585655650,1585701554,45.02,-93.22,1
60019,Eyl,302.48,77,1011,300.72,300.72,300.72,scattered clouds,5.11,10800,SO,1585708702,1585752621,7.98,49.82,38
8010683,Porto Santo,283.55,62,1017,287.44,288.15,287.15,few clouds,4.6,3600,PT,1585723955,1585769118,33.07,-16.34,20
2125693,Evensk,258.99,92,1004,263.02,263.02,263.02,overcast clouds,1.27,39600,RU,1585680316,1585728500,61.95,159.23,99
570455,Buzdyak,270.51,82,1004,274.6,274.6,274.6,overcast clouds,2.75,18000,RU,1585705999,1585753054,54.58,54.55,100
3397967,Itaituba,302.55,94,1009,297.52,297.52,297.52,overcast clouds,0.58,-10800,BR,1585647945,1585691388,-4.28,-55.98,100
6089245,Norman Wells,254.54,47,1035,264.15,264.15,264.15,clear sky,8.7,-21600,CA,1585662234,1585711099,65.28,-126.83,5
3372783,Ponta Delgada,280.87,62,1019,286.15,286.15,286.15,few clouds,6.2,0,PT,1585726037,1585771513,37.73,-25.67,20
2514651,Los Llanos de Aridane,291.6,68,1017,292.15,292.15,292.15,broken clouds,2.1,3600,ES,1585724464,1585769367,28.66,-17.92,75
2272222,Albufeira,282.47,76,1011,284.22,285.15,283.71,few clouds,1.5,3600,PT,1585721883,1585767307,37.09,-8.25,20
1258406,Rāpar,295.35,78,1011,296.57,296.57,296.57,clear sky,6.6,19800,IN,1585703362,1585747974,23.57,70.63,0
1637510,Loa Janan,302.98,94,1011,297.85,297.85,297.85,light rain,0.71,28800,ID,1585692731,1585736309,-0.58,117.09,98
5864145,Homer,270.33,40,1025,274.49,276.15,272.59,clear sky,1.5,-28800,US,1585668747,1585716450,59.64,-151.55,1
739598,Sinop Province,275.65,67,1013,278.73,278.73,278.73,overcast clouds,1.55,10800,TR,1585711373,1585757124,41.77,34.87,87
3515722,Texcalyacac,295.76,28,1024,299.18,305.15,295.15,broken clouds,3.6,-21600,MX,1585657927,1585702291,19.13,-99.5,75
2021041,Kyra,267.75,52,1023,272.42,272.42,272.42,scattered clouds,2.38,32400,RU,1585692535,1585738957,49.58,111.98,36
3452440,Prata,296.05,71,1013,295.06,295.06,295.06,light rain,1.65,-10800,BR,1585646530,1585689414,-19.31,-48.92,14
2020591,Magdagachi,267.87,87,1006,271.88,271.88,271.88,overcast clouds,2.3,32400,RU,1585689001,1585735859,53.45,125.8,99
1213655,Stabat,304.59,94,1010,299.15,299.15,299.15,haze,1.36,25200,ID,1585697119,1585740866,3.76,98.45,40
2548885,Fes,285.27,93,1014,286.15,286.15,286.15,broken clouds,2.1,3600,MA,1585721205,1585766425,34.04,-5.0,75
2166368,Forbes,293.81,39,1019,296.05,296.05,296.05,clear sky,2.6,39600,AU,1585685982,1585728215,-33.38,148.02,1
3576994,Cockburn Town,297.53,72,1013,298.02,298.02,298.02,clear sky,5.63,-14400,TC,1585651072,1585695536,21.46,-71.14,0
3698359,Chicama,297.8,69,1013,297.14,297.14,297.14,broken clouds,3.01,-18000,PE,1585653570,1585696881,-7.84,-79.15,53
509269,Piterka,271.46,70,1007,278.55,278.55,278.55,few clouds,7.37,14400,RU,1585707939,1585754521,50.68,47.45,22
3899695,Ancud,278.54,81,1023,281.15,281.15,281.15,scattered clouds,2.1,-10800,CL,1585653030,1585694864,-41.87,-73.82,27
5487811,Rio Rancho,286.53,17,1017,291.84,294.15,287.04,clear sky,3.6,-21600,US,1585659226,1585704428,35.23,-106.66,1
